Unnamed: 0,country,admin_code,admin_name,centx,centy,year_month,year,month,fews_ipc,fews_ha,fews_proj_near,fews_proj_near_ha,fews_proj_med,fews_proj_med_ha,ndvi_mean,ndvi_anom,rain_mean,rain_anom,et_mean,et_anom,acled_count,acled_fatalities,p_staple_food,area,cropland_pct,pop,ruggedness_mean,pasture_pct,date,timestamp
31126,Ethiopia,704,Addis Adaba,38.78548,8.980493,2007_01,2007,1,,,,,,,0.3086087,108.2102,3.664441,1.504367,5.547471,-0.03667187,0,0,0.472429162740029,541.7325,43.96597,2964567,146066.6,37.83333,2007-01-01,1167609600
31127,Ethiopia,704,Addis Adaba,38.78548,8.980493,2007_02,2007,2,,,,,,,0.3094206,115.4134,4.598707,-0.7121948,6.412966,1.046422,0,0,0.484261534844427,541.7325,43.96597,2964567,146066.6,37.83333,2007-02-01,1170288000
31128,Ethiopia,704,Addis Adaba,38.78548,8.980493,2007_03,2007,3,,,,,,,0.2885301,104.4021,9.685976,-0.3210291,5.892011,-0.7075992,0,0,0.485426258061025,541.7325,43.96597,2964567,146066.6,37.83333,2007-03-01,1172707200
31129,Ethiopia,704,Addis Adaba,38.78548,8.980493,2007_04,2007,4,,,,,,,0.369024,115.5264,11.55914,-1.266065,8.556641,0.219447,0,0,0.498545562824888,541.7325,43.96597,2964567,146066.6,37.83333,2007-04-01,1175385600
31130,Ethiopia,704,Addis Adaba,38.78548,8.980493,2007_05,2007,5,,,,,,,0.3857523,108.7552,21.28471,7.498921,7.167055,-1.418027,0,0,0.509674897730096,541.7325,43.96597,2964567,146066.6,37.83333,2007-05-01,1177977600
31131,Ethiopia,704,Addis Adaba,38.78548,8.980493,2007_06,2007,6,,,,,,,0.3781729,107.2311,30.76413,10.97807,8.820806,0.6863036,0,0,0.553592761633788,541.7325,43.96597,2964567,146066.6,37.83333,2007-06-01,1180656000
31132,Ethiopia,704,Addis Adaba,38.78548,8.980493,2007_07,2007,7,,,,,,,0.3839456,98.78672,42.47805,-1.813655,13.7935,1.092975,0,0,0.558314615463502,541.7325,43.96597,2964567,146066.6,37.83333,2007-07-01,1183248000
31133,Ethiopia,704,Addis Adaba,38.78548,8.980493,2007_08,2007,8,,,,,,,0.4150892,90.10105,59.40108,12.56112,14.51971,-1.439037,0,0,0.617787716886474,541.7325,43.96597,2964567,146066.6,37.83333,2007-08-01,1185926400
31134,Ethiopia,704,Addis Adaba,38.78548,8.980493,2007_09,2007,9,,,,,,,0.5297355,102.1603,23.7213,0.2680462,16.59668,-2.233932,1,0,0.633662329862645,541.7325,43.96597,2964567,146066.6,37.83333,2007-09-01,1188604800
31135,Ethiopia,704,Addis Adaba,38.78548,8.980493,2007_10,2007,10,,,,,,,0.4512914,98.49231,3.127441,-0.7443821,14.99375,-0.3028158,0,0,0.617233855735371,541.7325,43.96597,2964567,146066.6,37.83333,2007-10-01,1191196800
31136,Ethiopia,704,Addis Adaba,38.78548,8.980493,2007_11,2007,11,,,,,,,0.3789411,98.89294,1.121955,-0.09506462,8.380247,-1.134287,1,0,0.638870445215954,541.7325,43.96597,2964567,146066.6,37.83333,2007-11-01,1193875200
31137,Ethiopia,704,Addis Adaba,38.78548,8.980493,2007_12,2007,12,,,,,,,0.3182515,98.59019,0.753765,-0.4235623,3.922037,-1.743396,0,0,0.611485906145948,541.7325,43.96597,2964567,146066.6,37.83333,2007-12-01,1196467200
31138,Ethiopia,704,Addis Adaba,38.78548,8.980493,2008_01,2008,1,,,,,,,0.2754703,96.59061,1.047919,-1.112155,5.03551,-0.5486325,0,0,0.621806314658363,541.7325,43.96597,3027056,146066.6,37.83333,2008-01-01,1199145600
31139,Ethiopia,704,Addis Adaba,38.78548,8.980493,2008_02,2008,2,,,,,,,0.2516449,93.86319,1.622425,-3.688477,3.454879,-1.911664,0,0,0.705346667739956,541.7325,43.96597,3027056,146066.6,37.83333,2008-02-01,1201824000
31140,Ethiopia,704,Addis Adaba,38.78548,8.980493,2008_03,2008,3,,,,,,,0.2243053,81.16297,2.511532,-7.495473,2.12978,-4.46983,0,0,0.774126743076628,541.7325,43.96597,3027056,146066.6,37.83333,2008-03-01,1204329600
31141,Ethiopia,704,Addis Adaba,38.78548,8.980493,2008_04,2008,4,,,,,,,0.2497303,78.18038,5.984902,-6.840299,7.206843,-1.130351,2,0,0.84545928335357,541.7325,43.96597,3027056,146066.6,37.83333,2008-04-01,1207008000
31142,Ethiopia,704,Addis Adaba,38.78548,8.980493,2008_05,2008,5,,,,,,,0.3116524,87.86417,10.93092,-2.854871,6.549927,-2.035156,1,0,1.0253194655923,541.7325,43.96597,3027056,146066.6,37.83333,2008-05-01,1209600000
31143,Ethiopia,704,Addis Adaba,38.78548,8.980493,2008_06,2008,6,,,,,,,0.359534,101.9461,16.65237,-3.133686,11.26595,3.131449,0,0,1.18669732750106,541.7325,43.96597,3027056,146066.6,37.83333,2008-06-01,1212278400
31144,Ethiopia,704,Addis Adaba,38.78548,8.980493,2008_07,2008,7,,,,,,,0.4173657,107.3855,54.77863,10.48693,12.20072,-0.499807,0,0,1.31111558324157,541.7325,43.96597,3027056,146066.6,37.83333,2008-07-01,1214870400
31145,Ethiopia,704,Addis Adaba,38.78548,8.980493,2008_08,2008,8,,,,,,,0.5286545,114.752,47.70073,0.8607702,17.32435,1.365598,1,0,1.36030495754682,541.7325,43.96597,3027056,146066.6,37.83333,2008-08-01,1217548800
31146,Ethiopia,704,Addis Adaba,38.78548,8.980493,2008_09,2008,9,,,,,,,0.5373127,103.6216,31.41069,7.957439,19.01764,0.187032,0,0,1.3817487906346,541.7325,43.96597,3027056,146066.6,37.83333,2008-09-01,1220227200
31147,Ethiopia,704,Addis Adaba,38.78548,8.980493,2008_10,2008,10,,,,,,,0.4799352,104.7437,4.340233,0.4684094,15.60345,0.3068801,1,0,1.29705113511979,541.7325,43.96597,3027056,146066.6,37.83333,2008-10-01,1222819200
31148,Ethiopia,704,Addis Adaba,38.78548,8.980493,2008_11,2008,11,,,,,,,0.4479039,116.8903,5.15208,3.935061,10.73663,1.2221,0,0,1.18978701851348,541.7325,43.96597,3027056,146066.6,37.83333,2008-11-01,1225497600
31149,Ethiopia,704,Addis Adaba,38.78548,8.980493,2008_12,2008,12,,,,,,,0.3621826,112.1995,0.8622751,-0.3150522,6.975041,1.309609,0,0,1.1265399157284,541.7325,43.96597,3027056,146066.6,37.83333,2008-12-01,1228089600
31150,Ethiopia,704,Addis Adaba,38.78548,8.980493,2009_01,2009,1,,,,,,,0.3242108,113.6809,4.814269,2.626116,8.521928,2.937785,0,0,1.11309456855196,541.7325,43.96597,3077550,146066.6,37.83333,2009-01-01,1230768000
31151,Ethiopia,704,Addis Adaba,38.78548,8.980493,2009_02,2009,2,,,,,,,0.3128458,116.691,1.463953,-3.940148,7.985788,2.619244,0,0,1.0509385489484,541.7325,43.96597,3077550,146066.6,37.83333,2009-02-01,1233446400
31152,Ethiopia,704,Addis Adaba,38.78548,8.980493,2009_03,2009,3,,,,,,,0.2688446,97.27911,4.60076,-5.454377,5.944177,-0.6269213,0,0,1.03783953583034,541.7325,43.96597,3077550,146066.6,37.83333,2009-03-01,1235865600
31153,Ethiopia,704,Addis Adaba,38.78548,8.980493,2009_04,2009,4,,,,,,,0.3255207,101.7018,7.687514,-5.137687,6.629467,-1.596982,2,0,1.07947752637865,541.7325,43.96597,3077550,146066.6,37.83333,2009-04-01,1238544000
31154,Ethiopia,704,Addis Adaba,38.78548,8.980493,2009_05,2009,5,,,,,,,0.2948059,83.11462,8.369604,-5.416186,5.79165,-2.793432,0,0,1.06087462347181,541.7325,43.96597,3077550,146066.6,37.83333,2009-05-01,1241136000
31155,Ethiopia,704,Addis Adaba,38.78548,8.980493,2009_06,2009,6,,,,,,,0.2786864,79.02169,15.04781,-4.738246,5.220382,-2.91412,0,0,1.16121606874223,541.7325,43.96597,3077550,146066.6,37.83333,2009-06-01,1243814400
31156,Ethiopia,704,Addis Adaba,38.78548,8.980493,2009_07,2009,7,3,,,,,,0.349083,89.8168,44.97461,0.6829108,13.24909,0.5485689,0,0,1.15587598563479,541.7325,43.96597,3077550,146066.6,37.83333,2009-07-01,1246406400
31157,Ethiopia,704,Addis Adaba,38.78548,8.980493,2009_08,2009,8,,,,,,,0.4969959,107.8801,53.9402,7.100237,14.33148,-1.62727,0,0,1.16173457308317,541.7325,43.96597,3077550,146066.6,37.83333,2009-08-01,1249084800
31158,Ethiopia,704,Addis Adaba,38.78548,8.980493,2009_09,2009,9,,,,,,,0.5516863,106.3935,20.2534,-3.199845,17.44344,-1.387171,0,0,1.13479808126314,541.7325,43.96597,3077550,146066.6,37.83333,2009-09-01,1251763200
31159,Ethiopia,704,Addis Adaba,38.78548,8.980493,2009_10,2009,10,3,,,,,,0.4965019,108.3593,5.417559,1.545736,17.26439,1.967823,1,0,1.05167457636479,541.7325,43.96597,3077550,146066.6,37.83333,2009-10-01,1254355200
31160,Ethiopia,704,Addis Adaba,38.78548,8.980493,2009_11,2009,11,,,,,,,0.3933806,102.6612,0.9220904,-0.294929,9.71139,0.1968565,0,0,0.991917332276973,541.7325,43.96597,3077550,146066.6,37.83333,2009-11-01,1257033600
31161,Ethiopia,704,Addis Adaba,38.78548,8.980493,2009_12,2009,12,,,,,,,0.3246133,100.561,4.403697,3.22637,9.245024,3.579591,0,0,0.968888194589664,541.7325,43.96597,3077550,146066.6,37.83333,2009-12-01,1259625600
31162,Ethiopia,704,Addis Adaba,38.78548,8.980493,2010_01,2010,1,3,,,,,,0.3205211,112.3872,1.423809,-0.7643437,6.966377,1.382234,0,0,1.00029486466239,541.7325,43.96597,3139795,146066.6,37.83333,2010-01-01,1262304000
31163,Ethiopia,704,Addis Adaba,38.78548,8.980493,2010_02,2010,2,,,,,,,0.3292007,122.7914,13.31134,7.907242,10.98889,5.622343,0,0,0.966052316539828,541.7325,43.96597,3139795,146066.6,37.83333,2010-02-01,1264982400
31164,Ethiopia,704,Addis Adaba,38.78548,8.980493,2010_03,2010,3,,,,,,,0.3718489,134.5504,12.11066,2.055518,11.19634,4.625246,0,0,0.935956187433377,541.7325,43.96597,3139795,146066.6,37.83333,2010-03-01,1267401600
31165,Ethiopia,704,Addis Adaba,38.78548,8.980493,2010_04,2010,4,3,,,,,,0.3830289,119.669,20.07148,7.246275,12.72248,4.496029,1,1,0.923733802641185,541.7325,43.96597,3139795,146066.6,37.83333,2010-04-01,1270080000
31166,Ethiopia,704,Addis Adaba,38.78548,8.980493,2010_05,2010,5,,,,,,,0.4297242,121.1521,16.95362,3.167831,12.99052,4.40544,1,0,0.948988285536186,541.7325,43.96597,3139795,146066.6,37.83333,2010-05-01,1272672000
31167,Ethiopia,704,Addis Adaba,38.78548,8.980493,2010_06,2010,6,,,,,,,0.3841106,108.9148,24.02981,4.243748,9.591962,1.45746,2,0,0.941962979280224,541.7325,43.96597,3139795,146066.6,37.83333,2010-06-01,1275350400
31168,Ethiopia,704,Addis Adaba,38.78548,8.980493,2010_07,2010,7,3,,,,,,0.3164696,81.42557,55.81112,11.51942,13.19662,0.4960929,1,0,0.928485583658136,541.7325,43.96597,3139795,146066.6,37.83333,2010-07-01,1277942400
31169,Ethiopia,704,Addis Adaba,38.78548,8.980493,2010_08,2010,8,,,,,,,0.4040442,87.70358,49.22111,2.381147,15.21482,-0.7439302,1,0,0.920505643983737,541.7325,43.96597,3139795,146066.6,37.83333,2010-08-01,1280620800
31170,Ethiopia,704,Addis Adaba,38.78548,8.980493,2010_09,2010,9,,,,,,,0.4716825,90.96467,24.19931,0.7460601,19.18738,0.3567731,1,0,0.905654814350372,541.7325,43.96597,3139795,146066.6,37.83333,2010-09-01,1283299200
31171,Ethiopia,704,Addis Adaba,38.78548,8.980493,2010_10,2010,10,3,,,,,,0.4246198,92.67135,1.906752,-1.965072,13.47068,-1.825888,1,0,0.883075561868652,541.7325,43.96597,3139795,146066.6,37.83333,2010-10-01,1285891200
31172,Ethiopia,704,Addis Adaba,38.78548,8.980493,2010_11,2010,11,,,,,,,0.3719143,97.05913,1.842522,0.625503,9.103867,-0.4106663,0,0,0.918199862222878,541.7325,43.96597,3139795,146066.6,37.83333,2010-11-01,1288569600
31173,Ethiopia,704,Addis Adaba,38.78548,8.980493,2010_12,2010,12,,,,,,,0.3140543,97.28996,1.48712,0.3097922,5.647989,-0.01744346,1,0,0.921238671170139,541.7325,43.96597,3139795,146066.6,37.83333,2010-12-01,1291161600
31174,Ethiopia,704,Addis Adaba,38.78548,8.980493,2011_01,2011,1,3,,,,,,0.2998906,105.1533,1.679758,-0.5083947,6.548174,0.9640314,0,0,0.957413556222646,541.7325,43.96597,3203762,146066.6,37.83333,2011-01-01,1293840000
31175,Ethiopia,704,Addis Adaba,38.78548,8.980493,2011_02,2011,2,,,,,,,0.2772611,103.418,1.968752,-3.435349,3.817969,-1.548575,0,0,0.967165908950214,541.7325,43.96597,3203762,146066.6,37.83333,2011-02-01,1296518400
31176,Ethiopia,704,Addis Adaba,38.78548,8.980493,2011_03,2011,3,,,,,,,0.2866355,103.7166,9.27473,-0.7804068,6.05843,-0.512668,2,0,1.06360666141497,541.7325,43.96597,3203762,146066.6,37.83333,2011-03-01,1298937600
31177,Ethiopia,704,Addis Adaba,38.78548,8.980493,2011_04,2011,4,3,,,,,,0.2874552,89.80906,12.66265,-0.1625475,7.545359,-0.6810904,0,0,1.20604874083226,541.7325,43.96597,3203762,146066.6,37.83333,2011-04-01,1301616000
31178,Ethiopia,704,Addis Adaba,38.78548,8.980493,2011_05,2011,5,,,,,,,0.326297,91.99292,14.8731,1.087307,7.851336,-0.7337462,1,0,1.34226849004859,541.7325,43.96597,3203762,146066.6,37.83333,2011-05-01,1304208000
31179,Ethiopia,704,Addis Adaba,38.78548,8.980493,2011_06,2011,6,,,,,,,0.3727337,105.6889,25.08529,5.299228,7.383368,-0.7511337,0,0,1.41556871298716,541.7325,43.96597,3203762,146066.6,37.83333,2011-06-01,1306886400
31180,Ethiopia,704,Addis Adaba,38.78548,8.980493,2011_07,2011,7,3,,,,,,0.3877163,99.75689,46.268,1.976301,12.11669,-0.583837,0,0,1.54536430987319,541.7325,43.96597,3203762,146066.6,37.83333,2011-07-01,1309478400
31181,Ethiopia,704,Addis Adaba,38.78548,8.980493,2011_08,2011,8,,,,,,,0.4839828,105.0554,56.74421,9.904249,15.99906,0.04031341,1,0,1.62873741766932,541.7325,43.96597,3203762,146066.6,37.83333,2011-08-01,1312156800
31182,Ethiopia,704,Addis Adaba,38.78548,8.980493,2011_09,2011,9,,,,,,,0.535469,103.266,29.50154,6.048294,18.60155,-0.2290583,2,4,1.65682146581816,541.7325,43.96597,3203762,146066.6,37.83333,2011-09-01,1314835200
31183,Ethiopia,704,Addis Adaba,38.78548,8.980493,2011_10,2011,10,3,,,,,,0.4492289,98.04217,1.572028,-2.299795,13.4826,-1.813972,0,0,1.56351169584235,541.7325,43.96597,3203762,146066.6,37.83333,2011-10-01,1317427200
31184,Ethiopia,704,Addis Adaba,38.78548,8.980493,2011_11,2011,11,,,,,,,0.4076032,106.373,1.400656,0.1836362,11.00597,1.491436,0,0,1.56491863068985,541.7325,43.96597,3203762,146066.6,37.83333,2011-11-01,1320105600
31185,Ethiopia,704,Addis Adaba,38.78548,8.980493,2011_12,2011,12,,,,,,,0.3409795,105.631,0.7688736,-0.4084538,4.740521,-0.924912,0,0,1.59490760390638,541.7325,43.96597,3203762,146066.6,37.83333,2011-12-01,1322697600
31186,Ethiopia,704,Addis Adaba,38.78548,8.980493,2012_01,2012,1,2,,,,,,0.2797969,98.10769,1.149184,-1.038968,4.232563,-1.35158,0,0,1.55343378965065,541.7325,43.96597,3267729,146066.6,37.83333,2012-01-01,1325376000
31187,Ethiopia,704,Addis Adaba,38.78548,8.980493,2012_02,2012,2,,,,,,,0.2421031,90.30408,1.239398,-4.164703,2.74507,-2.621474,0,0,1.57156489379092,541.7325,43.96597,3267729,146066.6,37.83333,2012-02-01,1328054400
31188,Ethiopia,704,Addis Adaba,38.78548,8.980493,2012_03,2012,3,,,,,,,0.2215725,80.17411,8.158389,-1.896748,3.634841,-2.936257,1,22,1.58899984697905,541.7325,43.96597,3267729,146066.6,37.83333,2012-03-01,1330560000
31189,Ethiopia,704,Addis Adaba,38.78548,8.980493,2012_04,2012,4,2,,,,,,0.3172479,99.11712,16.40781,3.582607,7.171771,-1.054679,0,0,1.61612262324433,541.7325,43.96597,3267729,146066.6,37.83333,2012-04-01,1333238400
31190,Ethiopia,704,Addis Adaba,38.78548,8.980493,2012_05,2012,5,,,,,,,0.3421381,96.45899,7.582316,-6.203474,8.070891,-0.5141911,2,1,1.65953638370811,541.7325,43.96597,3267729,146066.6,37.83333,2012-05-01,1335830400
31191,Ethiopia,704,Addis Adaba,38.78548,8.980493,2012_06,2012,6,,,,,,,0.3092385,87.68476,14.76738,-5.018679,7.223626,-0.910876,1,2,1.67950704346635,541.7325,43.96597,3267729,146066.6,37.83333,2012-06-01,1338508800
31192,Ethiopia,704,Addis Adaba,38.78548,8.980493,2012_07,2012,7,2,,,,,,0.3564804,91.7201,45.70268,1.410978,13.39992,0.6993986,10,0,1.72443338215771,541.7325,43.96597,3267729,146066.6,37.83333,2012-07-01,1341100800
31193,Ethiopia,704,Addis Adaba,38.78548,8.980493,2012_08,2012,8,,,,,,,0.4267088,92.62326,47.15867,0.31871,16.70023,0.7414798,1,0,1.74992968393763,541.7325,43.96597,3267729,146066.6,37.83333,2012-08-01,1343779200
31194,Ethiopia,704,Addis Adaba,38.78548,8.980493,2012_09,2012,9,,,,,,,0.4984045,96.11805,26.76826,3.315009,19.37493,0.544321,0,0,1.73395273405875,541.7325,43.96597,3267729,146066.6,37.83333,2012-09-01,1346457600
31195,Ethiopia,704,Addis Adaba,38.78548,8.980493,2012_10,2012,10,2,,,,,,0.4072384,88.87793,1.715189,-2.156634,12.94304,-2.353529,4,0,1.73574656906435,541.7325,43.96597,3267729,146066.6,37.83333,2012-10-01,1349049600
31196,Ethiopia,704,Addis Adaba,38.78548,8.980493,2012_11,2012,11,,,,,,,0.3421601,89.29415,0.769854,-0.4471655,7.684438,-1.830096,5,0,1.66281769373096,541.7325,43.96597,3267729,146066.6,37.83333,2012-11-01,1351728000
31197,Ethiopia,704,Addis Adaba,38.78548,8.980493,2012_12,2012,12,,,,,,,0.3156542,97.78558,1.757189,0.5798618,5.514118,-0.1513143,0,0,1.63728391314454,541.7325,43.96597,3267729,146066.6,37.83333,2012-12-01,1354320000
31198,Ethiopia,704,Addis Adaba,38.78548,8.980493,2013_01,2013,1,2,,,,,,0.277253,97.21568,1.162022,-1.026131,4.518658,-1.065485,2,0,1.62147584127306,541.7325,43.96597,3331695,146066.6,37.83333,2013-01-01,1356998400
31199,Ethiopia,704,Addis Adaba,38.78548,8.980493,2013_02,2013,2,,,,,,,0.2445965,91.23415,1.515469,-3.888632,3.617498,-1.749045,0,0,1.6438696629212,541.7325,43.96597,3331695,146066.6,37.83333,2013-02-01,1359676800
31200,Ethiopia,704,Addis Adaba,38.78548,8.980493,2013_03,2013,3,,,,,,,0.2707622,97.973,7.873631,-2.181506,4.191024,-2.380074,3,23,1.69222884898495,541.7325,43.96597,3331695,146066.6,37.83333,2013-03-01,1362096000
31201,Ethiopia,704,Addis Adaba,38.78548,8.980493,2013_04,2013,4,2,,,,,,0.3540681,110.6208,12.83164,0.006442598,8.049096,-0.177353,0,0,1.72322323467988,541.7325,43.96597,3331695,146066.6,37.83333,2013-04-01,1364774400
31202,Ethiopia,704,Addis Adaba,38.78548,8.980493,2013_05,2013,5,,,,,,,0.3770372,106.2981,11.12896,-2.656834,9.098072,0.5129896,0,0,1.75212568661982,541.7325,43.96597,3331695,146066.6,37.83333,2013-05-01,1367366400
31203,Ethiopia,704,Addis Adaba,38.78548,8.980493,2013_06,2013,6,,,,,,,0.3710918,105.2233,21.41471,1.628655,7.778277,-0.3562251,2,0,1.76956933117176,541.7325,43.96597,3331695,146066.6,37.83333,2013-06-01,1370044800
31204,Ethiopia,704,Addis Adaba,38.78548,8.980493,2013_07,2013,7,2,,,,,,0.4128769,106.2305,43.93258,-0.3591283,13.88073,1.180208,2,0,1.84918114860603,541.7325,43.96597,3331695,146066.6,37.83333,2013-07-01,1372636800
31205,Ethiopia,704,Addis Adaba,38.78548,8.980493,2013_08,2013,8,,,,,,,0.4386842,95.2227,44.01494,-2.825018,16.15895,0.2002055,8,3,1.8767646476374,541.7325,43.96597,3331695,146066.6,37.83333,2013-08-01,1375315200
31206,Ethiopia,704,Addis Adaba,38.78548,8.980493,2013_09,2013,9,,,,,,,0.4962467,95.70191,23.92576,0.472513,17.90893,-0.9216757,3,0,1.89725992076144,541.7325,43.96597,3331695,146066.6,37.83333,2013-09-01,1377993600
31207,Ethiopia,704,Addis Adaba,38.78548,8.980493,2013_10,2013,10,2,,,,,,0.4523641,98.72643,8.44846,4.576636,16.54543,1.248862,1,2,1.90631339698363,541.7325,43.96597,3331695,146066.6,37.83333,2013-10-01,1380585600
31208,Ethiopia,704,Addis Adaba,38.78548,8.980493,2013_11,2013,11,,,,,,,0.3854547,100.5928,1.202936,-0.01408358,12.07701,2.562481,2,0,1.81694297787053,541.7325,43.96597,3331695,146066.6,37.83333,2013-11-01,1383264000
31209,Ethiopia,704,Addis Adaba,38.78548,8.980493,2013_12,2013,12,,,,,,,0.3116639,96.54944,0.6873738,-0.4899536,5.723106,0.05767362,0,0,1.7746961503398,541.7325,43.96597,3331695,146066.6,37.83333,2013-12-01,1385856000
31210,Ethiopia,704,Addis Adaba,38.78548,8.980493,2014_01,2014,1,1,,,,,,0.2723194,95.48578,1.181245,-1.006908,5.914283,0.3301401,1,0,1.78509652903125,541.7325,43.96597,3395662,146066.6,37.83333,2014-01-01,1388534400
31211,Ethiopia,704,Addis Adaba,38.78548,8.980493,2014_02,2014,2,,,,,,,0.267833,99.90132,4.617627,-0.7864744,6.884934,1.51839,0,0,1.77078799071675,541.7325,43.96597,3395662,146066.6,37.83333,2014-02-01,1391212800
31212,Ethiopia,704,Addis Adaba,38.78548,8.980493,2014_03,2014,3,,,,,,,0.2722809,98.52253,8.335811,-1.719326,9.079726,2.508628,0,0,1.77706655099775,541.7325,43.96597,3395662,146066.6,37.83333,2014-03-01,1393632000
31213,Ethiopia,704,Addis Adaba,38.78548,8.980493,2014_04,2014,4,1,,,,,,0.2745017,85.76201,6.386473,-6.438728,10.50739,2.280943,2,0,1.80298275671793,541.7325,43.96597,3395662,146066.6,37.83333,2014-04-01,1396310400
31214,Ethiopia,704,Addis Adaba,38.78548,8.980493,2014_05,2014,5,,,,,,,0.319966,90.208,12.59525,-1.190542,10.00368,1.418599,1,0,1.85586449669914,541.7325,43.96597,3395662,146066.6,37.83333,2014-05-01,1398902400
31215,Ethiopia,704,Addis Adaba,38.78548,8.980493,2014_06,2014,6,,,,,,,0.3012583,85.42198,9.600356,-10.1857,7.371824,-0.7626778,0,0,1.90091129700681,541.7325,43.96597,3395662,146066.6,37.83333,2014-06-01,1401580800
31216,Ethiopia,704,Addis Adaba,38.78548,8.980493,2014_07,2014,7,1,,,,,,0.2971316,76.45003,27.03891,-17.2528,11.79607,-0.9044575,2,0,1.91647932482555,541.7325,43.96597,3395662,146066.6,37.83333,2014-07-01,1404172800
31217,Ethiopia,704,Addis Adaba,38.78548,8.980493,2014_08,2014,8,,,,,,,0.4162151,90.34544,37.11827,-9.721685,15.56163,-0.3971178,2,0,1.92395624445513,541.7325,43.96597,3395662,146066.6,37.83333,2014-08-01,1406851200
31218,Ethiopia,704,Addis Adaba,38.78548,8.980493,2014_09,2014,9,,,,,,,0.4779674,92.17672,20.60053,-2.852721,18.03446,-0.7961551,0,0,1.89137630178549,541.7325,43.96597,3395662,146066.6,37.83333,2014-09-01,1409529600
31219,Ethiopia,704,Addis Adaba,38.78548,8.980493,2014_10,2014,10,1,0,1,0,1,0,0.452751,98.81086,4.939767,1.067943,17.90967,2.613104,1,0,1.88200585161436,541.7325,43.96597,3395662,146066.6,37.83333,2014-10-01,1412121600
31220,Ethiopia,704,Addis Adaba,38.78548,8.980493,2014_11,2014,11,,,,,,,0.3887188,101.4446,0.6303769,-0.5866426,10.74191,1.227373,1,0,1.86257416419273,541.7325,43.96597,3395662,146066.6,37.83333,2014-11-01,1414800000
31221,Ethiopia,704,Addis Adaba,38.78548,8.980493,2014_12,2014,12,,,,,,,0.2982288,92.38742,1.246018,0.06869111,5.341263,-0.3241693,1,0,1.80219040338125,541.7325,43.96597,3395662,146066.6,37.83333,2014-12-01,1417392000
31222,Ethiopia,704,Addis Adaba,38.78548,8.980493,2015_01,2015,1,1,0,1,0,1,0,0.257982,90.45854,0.9881202,-1.200033,4.143261,-1.440882,1,0,1.81438956372017,541.7325,43.96597,3459629,146066.6,37.83333,2015-01-01,1420070400
31223,Ethiopia,704,Addis Adaba,38.78548,8.980493,2015_02,2015,2,,,,,,,0.2277274,84.942,3.674694,-1.729407,3.621966,-1.744578,0,0,1.79436523164005,541.7325,43.96597,3459629,146066.6,37.83333,2015-02-01,1422748800
31224,Ethiopia,704,Addis Adaba,38.78548,8.980493,2015_03,2015,3,,,,,,,0.2338999,84.63469,7.923265,-2.131872,4.298971,-2.272127,0,0,1.79423241503049,541.7325,43.96597,3459629,146066.6,37.83333,2015-03-01,1425168000
31225,Ethiopia,704,Addis Adaba,38.78548,8.980493,2015_04,2015,4,1,0,1,0,1,0,0.2360688,73.75451,9.338102,-3.487099,4.394769,-3.83168,1,0,1.81290054369414,541.7325,43.96597,3459629,146066.6,37.83333,2015-04-01,1427846400
31226,Ethiopia,704,Addis Adaba,38.78548,8.980493,2015_05,2015,5,,,,,,,0.2882506,81.26649,16.20933,2.42354,7.643785,-0.9412979,0,0,1.87255873931895,541.7325,43.96597,3459629,146066.6,37.83333,2015-05-01,1430438400
31227,Ethiopia,704,Addis Adaba,38.78548,8.980493,2015_06,2015,6,,,,,,,0.3309275,93.83469,15.24114,-4.544918,7.399731,-0.7347715,2,0,1.95553656442148,541.7325,43.96597,3459629,146066.6,37.83333,2015-06-01,1433116800
31228,Ethiopia,704,Addis Adaba,38.78548,8.980493,2015_07,2015,7,1,0,1,0,1,0,0.4032966,103.7656,24.16704,-20.12466,9.830977,-2.869548,1,0,1.98815866397212,541.7325,43.96597,3459629,146066.6,37.83333,2015-07-01,1435708800
31229,Ethiopia,704,Addis Adaba,38.78548,8.980493,2015_08,2015,8,,,,,,,0.4805783,104.3164,38.55955,-8.28041,16.77932,0.8205722,0,0,2.01368745126306,541.7325,43.96597,3459629,146066.6,37.83333,2015-08-01,1438387200
31230,Ethiopia,704,Addis Adaba,38.78548,8.980493,2015_09,2015,9,,,,,,,0.4930805,95.09131,7.619705,-15.83354,19.202,0.371386,1,0,1.97057290943031,541.7325,43.96597,3459629,146066.6,37.83333,2015-09-01,1441065600
31231,Ethiopia,704,Addis Adaba,38.78548,8.980493,2015_10,2015,10,1,0,1,0,1,0,0.4249229,92.73751,2.126775,-1.745049,13.84307,-1.453497,0,0,1.95325818701798,541.7325,43.96597,3459629,146066.6,37.83333,2015-10-01,1443657600
31232,Ethiopia,704,Addis Adaba,38.78548,8.980493,2015_11,2015,11,,,,,,,0.3390787,88.48998,0.8655422,-0.3514772,8.552939,-0.9615948,0,0,1.87766927806434,541.7325,43.96597,3459629,146066.6,37.83333,2015-11-01,1446336000
31233,Ethiopia,704,Addis Adaba,38.78548,8.980493,2015_12,2015,12,,,,,,,0.2925259,90.62072,0.6737511,-0.5035763,6.074076,0.4086434,4,0,1.84920930324945,541.7325,43.96597,3459629,146066.6,37.83333,2015-12-01,1448928000
31234,Ethiopia,704,Addis Adaba,38.78548,8.980493,2016_01,2016,1,,,,,,,0.2731007,95.75974,2.934929,0.7467765,7.103758,1.519616,3,0,1.83967953971154,541.7325,43.96597,3524044,146066.6,37.83333,2016-01-01,1451606400
31235,Ethiopia,704,Addis Adaba,38.78548,8.980493,2016_02,2016,2,1,0,1,0,1,0,0.2643679,98.60883,4.273557,-1.130544,4.845802,-0.5207416,4,0,1.82096864688324,541.7325,43.96597,3524044,146066.6,37.83333,2016-02-01,1454284800
31236,Ethiopia,704,Addis Adaba,38.78548,8.980493,2016_03,2016,3,,,,,,,0.259606,93.93622,3.477113,-6.578024,6.49631,-0.07478774,5,1,1.79972280147214,541.7325,43.96597,3524044,146066.6,37.83333,2016-03-01,1456790400
31237,Ethiopia,704,Addis Adaba,38.78548,8.980493,2016_04,2016,4,,,,,,,0.2901005,90.63552,17.42966,4.604457,8.329805,0.1033557,0,0,1.84241323199557,541.7325,43.96597,3524044,146066.6,37.83333,2016-04-01,1459468800
31238,Ethiopia,704,Addis Adaba,38.78548,8.980493,2016_05,2016,5,,,,,,,0.3931623,110.8442,38.41582,24.63003,11.7403,3.155222,7,11,1.88655173590645,541.7325,43.96597,3524044,146066.6,37.83333,2016-05-01,1462060800
31239,Ethiopia,704,Addis Adaba,38.78548,8.980493,2016_06,2016,6,1,0,1,0,1,0,0.37303,105.7729,18.37244,-1.413617,9.03654,0.9020374,10,4,1.94590554964926,541.7325,43.96597,3524044,146066.6,37.83333,2016-06-01,1464739200
31240,Ethiopia,704,Addis Adaba,38.78548,8.980493,2016_07,2016,7,,,,,,,0.3777671,97.19704,49.05784,4.766141,13.52473,0.8242048,1,0,1.92033814267857,541.7325,43.96597,3524044,146066.6,37.83333,2016-07-01,1467331200
31241,Ethiopia,704,Addis Adaba,38.78548,8.980493,2016_08,2016,8,,,,,,,0.4582127,99.46162,32.82142,-14.01854,15.15038,-0.8083666,3,0,1.92758384554772,541.7325,43.96597,3524044,146066.6,37.83333,2016-08-01,1470009600
31242,Ethiopia,704,Addis Adaba,38.78548,8.980493,2016_09,2016,9,,,,,,,0.472173,91.05927,22.89177,-0.5614759,17.03344,-1.797175,6,69,1.91026045227943,541.7325,43.96597,3524044,146066.6,37.83333,2016-09-01,1472688000
31243,Ethiopia,704,Addis Adaba,38.78548,8.980493,2016_10,2016,10,1,0,1,0,1,0,0.3827204,83.52699,2.740278,-1.131546,13.54825,-1.748317,8,0,1.87349357461415,541.7325,43.96597,3524044,146066.6,37.83333,2016-10-01,1475280000
31244,Ethiopia,704,Addis Adaba,38.78548,8.980493,2016_11,2016,11,,,,,,,0.3421585,89.29371,1.061162,-0.155857,9.067472,-0.4470623,4,1,1.8584108559106,541.7325,43.96597,3524044,146066.6,37.83333,2016-11-01,1477958400
31245,Ethiopia,704,Addis Adaba,38.78548,8.980493,2016_12,2016,12,,,,,,,0.2995374,92.79281,0.6731076,-0.5042198,5.316693,-0.3487393,4,0,1.83270486241904,541.7325,43.96597,3524044,146066.6,37.83333,2016-12-01,1480550400
31246,Ethiopia,704,Addis Adaba,38.78548,8.980493,2017_01,2017,1,,,,,,,0.2656617,93.15133,1.162624,-1.025529,2.971854,-2.612288,2,0,1.77171550229634,541.7325,43.96597,3588459,146066.6,37.83333,2017-01-01,1483228800
31247,Ethiopia,704,Addis Adaba,38.78548,8.980493,2017_02,2017,2,1,0,1,0,1,0,0.2577551,96.14225,4.967975,-0.436126,7.028155,1.661612,1,1,1.77808266546237,541.7325,43.96597,3588459,146066.6,37.83333,2017-02-01,1485907200
31248,Ethiopia,704,Addis Adaba,38.78548,8.980493,2017_03,2017,3,,,,,,,0.2762638,99.9637,9.835607,-0.2195305,7.010258,0.4391599,1,0,1.81259171769517,541.7325,43.96597,3588459,146066.6,37.83333,2017-03-01,1488326400
31249,Ethiopia,704,Addis Adaba,38.78548,8.980493,2017_04,2017,4,,,,,,,0.2608705,81.50324,4.602517,-8.222684,6.351434,-1.875016,0,0,1.84644680726263,541.7325,43.96597,3588459,146066.6,37.83333,2017-04-01,1491004800
31250,Ethiopia,704,Addis Adaba,38.78548,8.980493,2017_05,2017,5,,,,,,,0.327165,92.23762,16.63785,2.852058,9.511523,0.9264401,1,0,1.90935670269727,541.7325,43.96597,3588459,146066.6,37.83333,2017-05-01,1493596800
31251,Ethiopia,704,Addis Adaba,38.78548,8.980493,2017_06,2017,6,1,0,1,0,1,0,0.3523594,99.91173,16.03303,-3.753034,7.500797,-0.6337053,1,0,1.9287931331976,541.7325,43.96597,3588459,146066.6,37.83333,2017-06-01,1496275200
31252,Ethiopia,704,Addis Adaba,38.78548,8.980493,2017_07,2017,7,,,,,,,0.3314844,85.28878,57.95269,13.66099,11.84781,-0.8527174,5,0,1.98014433293393,541.7325,43.96597,3588459,146066.6,37.83333,2017-07-01,1498867200
31253,Ethiopia,704,Addis Adaba,38.78548,8.980493,2017_08,2017,8,,,,,,,0.4240965,92.05622,54.31064,7.470682,16.63617,0.6774183,2,0,2.02543247483511,541.7325,43.96597,3588459,146066.6,37.83333,2017-08-01,1501545600
31254,Ethiopia,704,Addis Adaba,38.78548,8.980493,2017_09,2017,9,,,,,,,0.4636196,89.40973,38.58988,15.13663,18.04403,-0.7865854,3,0,2.03131812406047,541.7325,43.96597,3588459,146066.6,37.83333,2017-09-01,1504224000
31255,Ethiopia,704,Addis Adaba,38.78548,8.980493,2017_10,2017,10,1,0,1,0,1,0,0.4332456,94.55389,1.652763,-2.21906,17.64501,2.348436,3,4,2.01386621381042,541.7325,43.96597,3588459,146066.6,37.83333,2017-10-01,1506816000
31256,Ethiopia,704,Addis Adaba,38.78548,8.980493,2017_11,2017,11,,,,,,,0.3492901,91.15486,0.704327,-0.5126925,8.476805,-1.037729,3,40,1.99288106850001,541.7325,43.96597,3588459,146066.6,37.83333,2017-11-01,1509494400
31257,Ethiopia,704,Addis Adaba,38.78548,8.980493,2017_12,2017,12,,,,,,,0.2929488,90.75174,0.7338072,-0.4435201,3.474122,-2.191311,2,0,2.0046840755018,541.7325,43.96597,3588459,146066.6,37.83333,2017-12-01,1512086400
31258,Ethiopia,704,Addis Adaba,38.78548,8.980493,2018_01,2018,1,,,,,,,0.2610796,91.54466,1.272685,-0.9154681,4.445006,-1.139136,2,0,1.99171318940154,541.7325,43.96597,3652874,146066.6,37.83333,2018-01-01,1514764800
31259,Ethiopia,704,Addis Adaba,38.78548,8.980493,2018_02,2018,2,1,0,1,0,1,0,0.2579863,96.2285,7.845716,2.441615,4.907221,-0.4593227,7,13,2.02607441459465,541.7325,43.96597,3652874,146066.6,37.83333,2018-02-01,1517443200
31260,Ethiopia,704,Addis Adaba,38.78548,8.980493,2018_03,2018,3,,,,,,,0.2626624,95.04214,4.868234,-5.186903,5.291844,-1.279254,9,1,2.03028241922158,541.7325,43.96597,3652874,146066.6,37.83333,2018-03-01,1519862400
31261,Ethiopia,704,Addis Adaba,38.78548,8.980493,2018_04,2018,4,,,,,,,0.283512,88.57708,18.43048,5.605282,7.451263,-0.7751863,1,0,2.08545714353937,541.7325,43.96597,3652874,146066.6,37.83333,2018-04-01,1522540800
31262,Ethiopia,704,Addis Adaba,38.78548,8.980493,2018_05,2018,5,,,,,,,0.3137918,88.46732,12.59938,-1.186414,8.433428,-0.1516548,1,0,2.09869448118602,541.7325,43.96597,3652874,146066.6,37.83333,2018-05-01,1525132800
31263,Ethiopia,704,Addis Adaba,38.78548,8.980493,2018_06,2018,6,1,0,1,0,1,0,0.3399473,96.39226,27.42986,7.643799,9.184593,1.050091,11,2,2.17018270863955,541.7325,43.96597,3652874,146066.6,37.83333,2018-06-01,1527811200
31264,Ethiopia,704,Addis Adaba,38.78548,8.980493,2018_07,2018,7,,,,,,,0.3540259,91.08858,45.34894,1.057238,13.41091,0.7103801,7,1,2.21634711857791,541.7325,43.96597,3652874,146066.6,37.83333,2018-07-01,1530403200
31265,Ethiopia,704,Addis Adaba,38.78548,8.980493,2018_08,2018,8,,,,,,,0.3665653,79.56824,51.51794,4.677976,15.17146,-0.7872858,11,0,2.23258755717419,541.7325,43.96597,3652874,146066.6,37.83333,2018-08-01,1533081600
31266,Ethiopia,704,Addis Adaba,38.78548,8.980493,2018_09,2018,9,,,,,,,0.4407918,85.00736,12.17148,-11.28177,16.63347,-2.197144,20,31,2.1949695501568,541.7325,43.96597,3652874,146066.6,37.83333,2018-09-01,1535760000
31267,Ethiopia,704,Addis Adaba,38.78548,8.980493,2018_10,2018,10,1,0,1,0,1,0,0.3965214,86.53901,3.1795,-0.6923233,13.67009,-1.626482,3,4,2.12965049335456,541.7325,43.96597,3652874,146066.6,37.83333,2018-10-01,1538352000
31268,Ethiopia,704,Addis Adaba,38.78548,8.980493,2018_11,2018,11,,,,,,,0.3606306,94.1144,1.824557,0.6075379,9.961623,0.4470889,7,0,2.09718906122636,541.7325,43.96597,3652874,146066.6,37.83333,2018-11-01,1541030400
31269,Ethiopia,704,Addis Adaba,38.78548,8.980493,2018_12,2018,12,,,,,,,0.3079242,95.39094,0.733801,-0.4435263,4.328458,-1.336975,3,0,2.05138124204752,541.7325,43.96597,3652874,146066.6,37.83333,2018-12-01,1543622400
31270,Ethiopia,704,Addis Adaba,38.78548,8.980493,2019_01,2019,1,,,,,,,0.2624664,92.03093,1.093101,-1.095052,3.446878,-2.137265,1,0,2.01933774974973,541.7325,43.96597,3717289,146066.6,37.83333,2019-01-01,1546300800
31271,Ethiopia,704,Addis Adaba,38.78548,8.980493,2019_02,2019,2,1,0,1,0,1,0,0.2307436,86.06703,1.769332,-3.634769,4.975258,-0.3912853,0,0,1.98250121447004,541.7325,43.96597,3717289,146066.6,37.83333,2019-02-01,1548979200
31272,Ethiopia,704,Addis Adaba,38.78548,8.980493,2019_03,2019,3,,,,,,,0.2690995,97.37136,8.177998,-1.829007,7.443865,0.8442544,1,0,2.00604068256127,541.7325,43.96597,3717289,146066.6,37.83333,2019-03-01,1551398400
31273,Ethiopia,704,Addis Adaba,38.78548,8.980493,2019_04,2019,4,,,,,,,0.307863600684634,96.3795328199229,15.6106278172339,2.78542668019008,10.8736362027859,2.53644181422329,2,0,2.01461022524235,541.7325,43.96597,3717289,146066.6,37.83333,2019-04-01,1554076800
31274,Ethiopia,704,Addis Adaba,38.78548,8.980493,2019_05,2019,5,,,,,,,0.323054408587524,91.0787273458134,10.7083334777703,-3.07745693839492,6.62499783253933,-1.960084736161,2,0,2.06809311865653,541.7325,43.96597,3717289,146066.6,37.83333,2019-05-01,1556668800
31275,Ethiopia,704,Addis Adaba,38.78548,8.980493,2019_06,2019,6,1,0,1,0,1,0,0.327688163344935,92.9161719362471,20.0731915677102,0.287131452948937,8.90316689949101,0.768664756960895,2,2,2.1085495238218,541.7325,43.96597,3717289,146066.6,37.83333,2019-06-01,1559347200
31276,Ethiopia,704,Addis Adaba,38.78548,8.980493,2019_07,2019,7,,,,,,,0.340272319263071,87.5498617162821,51.0453548825328,6.75365085680769,12.2440143123302,-0.456510942399689,0,0,2.12223321064269,541.7325,43.96597,3717289,146066.6,37.83333,2019-07-01,1561939200
31277,Ethiopia,704,Addis Adaba,38.78548,8.980493,2019_08,2019,8,,,,,,,0.397744294833346,86.3360944189585,46.2433007538275,-0.596658057859273,14.1263920245893,-1.83235539311853,3,2,2.124431711193,541.7325,43.96597,3717289,146066.6,37.83333,2019-08-01,1564617600
31278,Ethiopia,704,Addis Adaba,38.78548,8.980493,2019_09,2019,9,,,,,,,0.433415916387779,83.584904667283,47.8874226135846,24.4341733000319,16.3239400899608,-2.50667055309216,0,0,2.09127031906318,541.7325,43.96597,3717289,146066.6,37.83333,2019-09-01,1567296000
31279,Ethiopia,704,Addis Adaba,38.78548,8.980493,2019_10,2019,10,1,0,1,0,1,0,0.407348872989365,88.9020503870209,13.2410724286457,9.36924891110676,15.4291267787554,0.132557508180486,4,0,2.04158882640468,541.7325,43.96597,3717289,146066.6,37.83333,2019-10-01,1569888000
31280,Ethiopia,704,Addis Adaba,38.78548,8.980493,2019_11,2019,11,,,,,,,0.353613721302264,92.2832084238414,3.46116941063603,2.24414995318678,13.6398912730956,4.1253574575442,4,1,2.01282999524544,541.7325,43.96597,3717289,146066.6,37.83333,2019-11-01,1572566400
31281,Ethiopia,704,Addis Adaba,38.78548,8.980493,2019_12,2019,12,,,,,,,0.334451367524985,103.608700075376,1.65812113728688,0.480793799506741,8.57492628422045,2.90949368478989,2,0,1.96908337354056,541.7325,43.96597,3717289,146066.6,37.83333,2019-12-01,1575158400
31282,Ethiopia,704,Addis Adaba,38.78548,8.980493,2020_01,2020,1,,,,,,,0.295209500168335,103.511939810859,1.32013686008881,-0.839937704032457,6.90462345900182,1.3204807929336,1,0,1.95577565315001,541.7325,43.96597,3773729.97437,146066.6,37.83333,2020-01-01,1577836800
31283,Ethiopia,704,Addis Adaba,38.78548,8.980493,2020_02,2020,2,1,0,1,0,1,0,0.26259649066578,97.9480983496643,1.79752859781498,-3.51337342367891,6.91338117228659,1.54683765641778,2,2,1.93072000369132,541.7325,43.96597,3773729.97437,146066.6,37.83333,2020-02-01,1580515200
31284,Ethiopia,705,Awi/Agew,36.59705,11.18992,2007_01,2007,1,,,,,,,0.4072245,110.9406,1.161047,0.02798978,5.599887,0.4857312,0,0,0.486969954231255,8986.34,24.70564,1074740,89318.88,80.24771,2007-01-01,1167609600
31285,Ethiopia,705,Awi/Agew,36.59705,11.18992,2007_02,2007,2,,,,,,,0.3320586,105.7695,2.127034,0.2869372,2.907695,-0.09746467,0,0,0.50897234044242,8986.34,24.70564,1074740,89318.88,80.24771,2007-02-01,1170288000
31286,Ethiopia,705,Awi/Agew,36.59705,11.18992,2007_03,2007,3,,,,,,,0.3024494,101.0349,2.99441,-0.6782233,2.271389,-0.4265924,0,0,0.513783896586456,8986.34,24.70564,1074740,89318.88,80.24771,2007-03-01,1172707200
31287,Ethiopia,705,Awi/Agew,36.59705,11.18992,2007_04,2007,4,,,,,,,0.3368892,105.8182,9.075452,2.125721,3.511899,0.2750854,0,0,0.5246657477351,8986.34,24.70564,1074740,89318.88,80.24771,2007-04-01,1175385600
31288,Ethiopia,705,Awi/Agew,36.59705,11.18992,2007_05,2007,5,,,,,,,0.4828475,113.1472,22.12047,-0.656779,6.721521,-0.4195116,0,0,0.537100335348507,8986.34,24.70564,1074740,89318.88,80.24771,2007-05-01,1177977600
31289,Ethiopia,705,Awi/Agew,36.59705,11.18992,2007_06,2007,6,,,,,,,0.5695176,99.32961,45.06313,5.090244,17.14682,1.501335,0,0,0.551251944430435,8986.34,24.70564,1074740,89318.88,80.24771,2007-06-01,1180656000
31290,Ethiopia,705,Awi/Agew,36.59705,11.18992,2007_07,2007,7,,,,,,,0.6409812,100.2195,49.08751,-6.994398,22.14619,-0.1719928,0,0,0.567797025477182,8986.34,24.70564,1074740,89318.88,80.24771,2007-07-01,1183248000
31291,Ethiopia,705,Awi/Agew,36.59705,11.18992,2007_08,2007,8,,,,,,,0.7033475,98.82241,55.3083,-3.361003,23.89452,-3.702168,0,0,0.599802091301459,8986.34,24.70564,1074740,89318.88,80.24771,2007-08-01,1185926400
31292,Ethiopia,705,Awi/Agew,36.59705,11.18992,2007_09,2007,9,,,,,,,0.7273166,98.29877,38.1651,-1.845872,28.21122,-2.721117,0,0,0.607461131579931,8986.34,24.70564,1074740,89318.88,80.24771,2007-09-01,1188604800
31293,Ethiopia,705,Awi/Agew,36.59705,11.18992,2007_10,2007,10,,,,,,,0.6947177,101.4933,15.43459,-5.285742,23.6878,-1.259931,0,0,0.599127977282203,8986.34,24.70564,1074740,89318.88,80.24771,2007-10-01,1191196800
31294,Ethiopia,705,Awi/Agew,36.59705,11.18992,2007_11,2007,11,,,,,,,0.5905571,100.5355,5.109086,1.429028,14.11782,-1.509996,0,0,0.612682908755995,8986.34,24.70564,1074740,89318.88,80.24771,2007-11-01,1193875200
31295,Ethiopia,705,Awi/Agew,36.59705,11.18992,2007_12,2007,12,,,,,,,0.4427239,97.40196,0.7142854,-0.636509,5.415571,-1.861209,0,0,0.614450203177852,8986.34,24.70564,1074740,89318.88,80.24771,2007-12-01,1196467200
31296,Ethiopia,705,Awi/Agew,36.59705,11.18992,2008_01,2008,1,,,,,,,0.3506849,95.53748,1.972395,0.8393372,4.846389,-0.2677668,0,0,0.640442442860035,8986.34,24.70564,1096957,89318.88,80.24771,2008-01-01,1199145600
31297,Ethiopia,705,Awi/Agew,36.59705,11.18992,2008_02,2008,2,,,,,,,0.3099388,98.72375,1.179198,-0.6608983,2.57367,-0.4314897,0,0,0.704805716005145,8986.34,24.70564,1096957,89318.88,80.24771,2008-02-01,1201824000
31298,Ethiopia,705,Awi/Agew,36.59705,11.18992,2008_03,2008,3,,,,,,,0.2888728,96.49961,1.447342,-2.225291,1.304144,-1.393837,0,0,0.778571360049654,8986.34,24.70564,1096957,89318.88,80.24771,2008-03-01,1204329600
31299,Ethiopia,705,Awi/Agew,36.59705,11.18992,2008_04,2008,4,,,,,,,0.3931043,123.4755,16.15569,9.205964,6.017956,2.781142,0,0,0.816248930567308,8986.34,24.70564,1096957,89318.88,80.24771,2008-04-01,1207008000
31300,Ethiopia,705,Awi/Agew,36.59705,11.18992,2008_05,2008,5,,,,,,,0.546604,128.0875,38.20197,15.42472,12.2906,5.149568,0,0,0.979957942909843,8986.34,24.70564,1096957,89318.88,80.24771,2008-05-01,1209600000
31301,Ethiopia,705,Awi/Agew,36.59705,11.18992,2008_06,2008,6,,,,,,,0.6467535,112.8003,42.501,2.528115,17.41605,1.77056,0,0,1.18202942690832,8986.34,24.70564,1096957,89318.88,80.24771,2008-06-01,1212278400
31302,Ethiopia,705,Awi/Agew,36.59705,11.18992,2008_07,2008,7,,,,,,,0.6017893,94.09172,63.42731,7.345399,22.04861,-0.269574,0,0,1.32283929433398,8986.34,24.70564,1096957,89318.88,80.24771,2008-07-01,1214870400
31303,Ethiopia,705,Awi/Agew,36.59705,11.18992,2008_08,2008,8,,,,,,,0.6786855,95.35732,61.12097,2.451669,27.3353,-0.2613868,0,0,1.36638353637037,8986.34,24.70564,1096957,89318.88,80.24771,2008-08-01,1217548800
31304,Ethiopia,705,Awi/Agew,36.59705,11.18992,2008_09,2008,9,,,,,,,0.7216853,97.53769,36.51584,-3.495133,29.48283,-1.44951,0,0,1.34665801562183,8986.34,24.70564,1096957,89318.88,80.24771,2008-09-01,1220227200
31305,Ethiopia,705,Awi/Agew,36.59705,11.18992,2008_10,2008,10,,,,,,,0.6351014,92.7838,13.9405,-6.77983,22.82608,-2.121657,0,0,1.29369839284383,8986.34,24.70564,1096957,89318.88,80.24771,2008-10-01,1222819200
31306,Ethiopia,705,Awi/Agew,36.59705,11.18992,2008_11,2008,11,,,,,,,0.5048508,85.94501,2.472356,-1.207703,12.39649,-3.231327,0,0,1.18367529640219,8986.34,24.70564,1096957,89318.88,80.24771,2008-11-01,1225497600
31307,Ethiopia,705,Awi/Agew,36.59705,11.18992,2008_12,2008,12,,,,,,,0.4025397,88.56118,0.9370566,-0.4137378,6.342563,-0.934217,0,0,1.08811284304266,8986.34,24.70564,1096957,89318.88,80.24771,2008-12-01,1228089600
31308,Ethiopia,705,Awi/Agew,36.59705,11.18992,2009_01,2009,1,,,,,,,0.3361975,91.59067,0.8225884,-0.3132102,9.375429,4.261274,0,0,1.05665594789552,8986.34,24.70564,1115595,89318.88,80.24771,2009-01-01,1230768000
31309,Ethiopia,705,Awi/Agew,36.59705,11.18992,2009_02,2009,2,,,,,,,0.301998,96.1944,1.62127,-0.2168156,2.763907,-0.2412529,0,0,1.01043917891846,8986.34,24.70564,1115595,89318.88,80.24771,2009-02-01,1233446400
31310,Ethiopia,705,Awi/Agew,36.59705,11.18992,2009_03,2009,3,,,,,,,0.2943379,98.32525,3.886597,0.2129621,2.356171,-0.3380299,0,0,0.995344661544122,8986.34,24.70564,1115595,89318.88,80.24771,2009-03-01,1235865600
31311,Ethiopia,705,Awi/Agew,36.59705,11.18992,2009_04,2009,4,,,,,,,0.3094072,97.29122,7.810584,0.8608534,3.067972,-0.1422618,0,0,1.04321488377306,8986.34,24.70564,1115595,89318.88,80.24771,2009-04-01,1238544000
31312,Ethiopia,705,Awi/Agew,36.59705,11.18992,2009_05,2009,5,,,,,,,0.309828,72.60299,7.798922,-14.97832,2.618965,-4.522067,0,0,1.04245491388547,8986.34,24.70564,1115595,89318.88,80.24771,2009-05-01,1241136000
31313,Ethiopia,705,Awi/Agew,36.59705,11.18992,2009_06,2009,6,,,,,,,0.4759722,83.01435,44.99489,5.021997,9.716145,-5.929341,0,0,1.06269909745534,8986.34,24.70564,1115595,89318.88,80.24771,2009-06-01,1243814400
31314,Ethiopia,705,Awi/Agew,36.59705,11.18992,2009_07,2009,7,1,,,,,,0.6378243,99.72592,49.69271,-6.389199,21.30102,-1.017158,0,0,1.07677311005176,8986.34,24.70564,1115595,89318.88,80.24771,2009-07-01,1246406400
31315,Ethiopia,705,Awi/Agew,36.59705,11.18992,2009_08,2009,8,,,,,,,0.7399155,103.9603,56.00265,-2.666646,31.43271,3.836027,0,0,1.07831244230719,8986.34,24.70564,1115595,89318.88,80.24771,2009-08-01,1249084800
31316,Ethiopia,705,Awi/Agew,36.59705,11.18992,2009_09,2009,9,,,,,,,0.749081,101.2403,25.9202,-14.09077,31.4903,0.5579577,0,0,1.05815377167611,8986.34,24.70564,1115595,89318.88,80.24771,2009-09-01,1251763200
31317,Ethiopia,705,Awi/Agew,36.59705,11.18992,2009_10,2009,10,1,,,,,,0.7178309,104.87,18.75234,-1.967994,22.98706,-1.960676,0,0,1.01692511947786,8986.34,24.70564,1115595,89318.88,80.24771,2009-10-01,1254355200
31318,Ethiopia,705,Awi/Agew,36.59705,11.18992,2009_11,2009,11,,,,,,,0.5429483,92.43066,1.29083,-2.389228,13.63679,-1.991025,0,0,0.978546869071662,8986.34,24.70564,1115595,89318.88,80.24771,2009-11-01,1257033600
31319,Ethiopia,705,Awi/Agew,36.59705,11.18992,2009_12,2009,12,,,,,,,0.4206426,92.54393,1.309004,-0.0417903,5.920259,-1.356521,0,0,0.964573422637439,8986.34,24.70564,1115595,89318.88,80.24771,2009-12-01,1259625600
31320,Ethiopia,705,Awi/Agew,36.59705,11.18992,2010_01,2010,1,1,,,,,,0.3434279,93.56046,1.232379,0.0965803,3.948731,-1.165425,0,0,0.988489381076178,8986.34,24.70564,1137751,89318.88,80.24771,2010-01-01,1262304000
31321,Ethiopia,705,Awi/Agew,36.59705,11.18992,2010_02,2010,2,,,,,,,0.2975415,94.77491,1.349,-0.489085,2.446701,-0.558459,0,0,0.960601724320703,8986.34,24.70564,1137751,89318.88,80.24771,2010-02-01,1264982400
31322,Ethiopia,705,Awi/Agew,36.59705,11.18992,2010_03,2010,3,,,,,,,0.2697407,90.10841,2.056374,-1.61726,2.320557,-0.3736437,0,0,0.945940036281615,8986.34,24.70564,1137751,89318.88,80.24771,2010-03-01,1267401600
31323,Ethiopia,705,Awi/Agew,36.59705,11.18992,2010_04,2010,4,1,,,,,,0.2869335,90.22451,4.575695,-2.374036,2.608037,-0.6021969,0,0,0.951409057236752,8986.34,24.70564,1137751,89318.88,80.24771,2010-04-01,1270080000
31324,Ethiopia,705,Awi/Agew,36.59705,11.18992,2010_05,2010,5,,,,,,,0.3956173,92.70628,22.94075,0.1635075,7.490889,0.3498569,0,0,0.980618571642385,8986.34,24.70564,1137751,89318.88,80.24771,2010-05-01,1272672000
31325,Ethiopia,705,Awi/Agew,36.59705,11.18992,2010_06,2010,6,,,,,,,0.5430248,94.709,38.24687,-1.726021,13.86052,-1.784963,0,0,1.01231384391445,8986.34,24.70564,1137751,89318.88,80.24771,2010-06-01,1275350400
31326,Ethiopia,705,Awi/Agew,36.59705,11.18992,2010_07,2010,7,1,,,,,,0.6178365,96.60075,59.78784,3.705928,19.14203,-3.176153,0,0,1.00546221688645,8986.34,24.70564,1137751,89318.88,80.24771,2010-07-01,1277942400
31327,Ethiopia,705,Awi/Agew,36.59705,11.18992,2010_08,2010,8,,,,,,,0.663817,93.26826,56.11971,-2.549587,23.99656,-3.600124,0,0,0.973316055098136,8986.34,24.70564,1137751,89318.88,80.24771,2010-08-01,1280620800
31328,Ethiopia,705,Awi/Agew,36.59705,11.18992,2010_09,2010,9,,,,,,,0.7222348,97.61195,45.85383,5.842858,30.53148,-0.4008642,0,0,0.961121497907799,8986.34,24.70564,1137751,89318.88,80.24771,2010-09-01,1283299200
31329,Ethiopia,705,Awi/Agew,36.59705,11.18992,2010_10,2010,10,1,,,,,,0.6847326,100.0346,15.39554,-5.324787,26.47525,1.527515,0,0,0.951857015740849,8986.34,24.70564,1137751,89318.88,80.24771,2010-10-01,1285891200
31330,Ethiopia,705,Awi/Agew,36.59705,11.18992,2010_11,2010,11,,,,,,,0.5668486,96.49943,1.709184,-1.970875,14.9115,-0.716308,0,0,0.959682179853002,8986.34,24.70564,1137751,89318.88,80.24771,2010-11-01,1288569600
31331,Ethiopia,705,Awi/Agew,36.59705,11.18992,2010_12,2010,12,,,,,,,0.4266491,93.86541,1.072607,-0.2781871,6.872461,-0.4043197,0,0,0.979379505242033,8986.34,24.70564,1137751,89318.88,80.24771,2010-12-01,1291161600
31332,Ethiopia,705,Awi/Agew,36.59705,11.18992,2011_01,2011,1,1,,,,,,0.3593289,97.89238,1.374816,0.239017,5.193243,0.07908695,0,0,1.03409031562995,8986.34,24.70564,1160444,89318.88,80.24771,2011-01-01,1293840000
31333,Ethiopia,705,Awi/Agew,36.59705,11.18992,2011_02,2011,2,,,,,,,0.3024289,96.33167,1.210238,-0.6278475,2.296391,-0.7087686,0,0,1.02182608983744,8986.34,24.70564,1160444,89318.88,80.24771,2011-02-01,1296518400
31334,Ethiopia,705,Awi/Agew,36.59705,11.18992,2011_03,2011,3,,,,,,,0.2985145,99.72045,3.643549,-0.0300852,2.962313,0.2681123,0,0,1.11952561529563,8986.34,24.70564,1160444,89318.88,80.24771,2011-03-01,1298937600
31335,Ethiopia,705,Awi/Agew,36.59705,11.18992,2011_04,2011,4,1,,1,0,1,0,0.3027582,95.20049,3.973753,-2.975978,2.67446,-0.535774,0,0,1.23719349008785,8986.34,24.70564,1160444,89318.88,80.24771,2011-04-01,1301616000
31336,Ethiopia,705,Awi/Agew,36.59705,11.18992,2011_05,2011,5,,,,,,,0.4221962,98.93461,28.24561,5.468366,6.678735,-0.4622973,0,0,1.37152333038425,8986.34,24.70564,1160444,89318.88,80.24771,2011-05-01,1304208000
31337,Ethiopia,705,Awi/Agew,36.59705,11.18992,2011_06,2011,6,,,,,,,0.6581227,114.7832,32.29932,-7.673573,17.1823,1.536811,0,0,1.45852671242388,8986.34,24.70564,1160444,89318.88,80.24771,2011-06-01,1306886400
31338,Ethiopia,705,Awi/Agew,36.59705,11.18992,2011_07,2011,7,1,,1,0,1,0,0.6404733,100.1401,49.17923,-6.902678,21.04907,-1.269108,0,0,1.52562753707916,8986.34,24.70564,1160444,89318.88,80.24771,2011-07-01,1309478400
31339,Ethiopia,705,Awi/Agew,36.59705,11.18992,2011_08,2011,8,,,,,,,0.7137555,100.2848,59.95955,1.290248,24.59516,-3.001527,0,0,1.61196483053491,8986.34,24.70564,1160444,89318.88,80.24771,2011-08-01,1312156800
31340,Ethiopia,705,Awi/Agew,36.59705,11.18992,2011_09,2011,9,,,,,,,0.7325413,99.0049,39.49813,-0.5128472,30.85062,-0.0817243,0,0,1.6214047930109,8986.34,24.70564,1160444,89318.88,80.24771,2011-09-01,1314835200
31341,Ethiopia,705,Awi/Agew,36.59705,11.18992,2011_10,2011,10,1,,1,,1,,0.6725636,98.25677,13.79179,-6.928541,24.60928,-0.3384541,0,0,1.60710007200723,8986.34,24.70564,1160444,89318.88,80.24771,2011-10-01,1317427200
31342,Ethiopia,705,Awi/Agew,36.59705,11.18992,2011_11,2011,11,,,,,,,0.5309366,90.38581,3.364425,-0.3156336,15.82822,0.2004051,0,0,1.56089273447489,8986.34,24.70564,1160444,89318.88,80.24771,2011-11-01,1320105600
31343,Ethiopia,705,Awi/Agew,36.59705,11.18992,2011_12,2011,12,,,,,,,0.395473,87.00646,0.8564406,-0.4943538,6.845019,-0.4317608,0,0,1.59445247283821,8986.34,24.70564,1160444,89318.88,80.24771,2011-12-01,1322697600
31344,Ethiopia,705,Awi/Agew,36.59705,11.18992,2012_01,2012,1,1,,1,,1,,0.3480217,94.81194,0.8712524,-0.2645462,3.936286,-1.17787,0,0,1.56343285677997,8986.34,24.70564,1183137,89318.88,80.24771,2012-01-01,1325376000
31345,Ethiopia,705,Awi/Agew,36.59705,11.18992,2012_02,2012,2,,,,,,,0.2909577,92.67777,1.235166,-0.6029194,1.666,-1.33916,0,0,1.62728410535732,8986.34,24.70564,1183137,89318.88,80.24771,2012-02-01,1328054400
31346,Ethiopia,705,Awi/Agew,36.59705,11.18992,2012_03,2012,3,,,,,,,0.2664927,89.02339,2.651941,-1.021693,1.733821,-0.9603804,0,0,1.65635812765137,8986.34,24.70564,1183137,89318.88,80.24771,2012-03-01,1330560000
31347,Ethiopia,705,Awi/Agew,36.59705,11.18992,2012_04,2012,4,1,0,1,0,1,0,0.2680963,84.30128,1.900122,-5.049609,1.434191,-1.776043,0,0,1.72406506689925,8986.34,24.70564,1183137,89318.88,80.24771,2012-04-01,1333238400
31348,Ethiopia,705,Awi/Agew,36.59705,11.18992,2012_05,2012,5,,,,,,,0.3257919,76.34386,15.73881,-7.038434,6.095288,-1.045744,0,0,1.76403288382648,8986.34,24.70564,1183137,89318.88,80.24771,2012-05-01,1335830400
31349,Ethiopia,705,Awi/Agew,36.59705,11.18992,2012_06,2012,6,,,,,,,0.5185275,90.43642,39.49057,-0.4823239,12.13698,-3.508503,0,0,1.77747365158456,8986.34,24.70564,1183137,89318.88,80.24771,2012-06-01,1338508800
31350,Ethiopia,705,Awi/Agew,36.59705,11.18992,2012_07,2012,7,1,0,1,0,1,0,0.6156919,96.26545,63.62046,7.538554,20.64327,-1.674906,0,0,1.78430985918663,8986.34,24.70564,1183137,89318.88,80.24771,2012-07-01,1341100800
31351,Ethiopia,705,Awi/Agew,36.59705,11.18992,2012_08,2012,8,,,,,,,0.6865964,96.46883,70.92689,12.25759,25.08866,-2.508029,0,0,1.82346386217247,8986.34,24.70564,1183137,89318.88,80.24771,2012-08-01,1343779200
31352,Ethiopia,705,Awi/Agew,36.59705,11.18992,2012_09,2012,9,,,,,,,0.7472888,100.9981,43.2421,3.231132,30.3143,-0.6180376,0,0,1.82770142693966,8986.34,24.70564,1183137,89318.88,80.24771,2012-09-01,1346457600
31353,Ethiopia,705,Awi/Agew,36.59705,11.18992,2012_10,2012,10,1,0,1,0,1,0,0.6619668,96.70865,13.37362,-7.346708,24.44344,-0.5042909,0,0,1.79606817116577,8986.34,24.70564,1183137,89318.88,80.24771,2012-10-01,1349049600
31354,Ethiopia,705,Awi/Agew,36.59705,11.18992,2012_11,2012,11,,,,,,,0.5867285,99.88374,8.548477,4.868419,16.08779,0.4599762,0,0,1.75761403478497,8986.34,24.70564,1183137,89318.88,80.24771,2012-11-01,1351728000
31355,Ethiopia,705,Awi/Agew,36.59705,11.18992,2012_12,2012,12,,,,,,,0.4849497,106.6919,2.066543,0.7157487,8.580867,1.304087,0,0,1.75020469443902,8986.34,24.70564,1183137,89318.88,80.24771,2012-12-01,1354320000
31356,Ethiopia,705,Awi/Agew,36.59705,11.18992,2013_01,2013,1,1,0,1,0,1,0,0.383181,104.3904,0.9282672,-0.2075314,4.912866,-0.20129,0,0,1.71244160675402,8986.34,24.70564,1205829,89318.88,80.24771,2013-01-01,1356998400
31357,Ethiopia,705,Awi/Agew,36.59705,11.18992,2013_02,2013,2,,,,,,,0.3186239,101.4902,1.392019,-0.4460661,2.411338,-0.5938222,0,0,1.6817974246346,8986.34,24.70564,1205829,89318.88,80.24771,2013-02-01,1359676800
31358,Ethiopia,705,Awi/Agew,36.59705,11.18992,2013_03,2013,3,,,,,,,0.2869377,95.85316,1.713481,-1.960154,1.713578,-0.9806229,0,0,1.69864849476526,8986.34,24.70564,1205829,89318.88,80.24771,2013-03-01,1362096000
31359,Ethiopia,705,Awi/Agew,36.59705,11.18992,2013_04,2013,4,1,0,1,0,1,0,0.2745291,86.32401,2.269612,-4.680119,1.666967,-1.543266,0,0,1.76194557258514,8986.34,24.70564,1205829,89318.88,80.24771,2013-04-01,1364774400
31360,Ethiopia,705,Awi/Agew,36.59705,11.18992,2013_05,2013,5,,,,,,,0.3791985,88.85881,27.97022,5.192977,6.252123,-0.8889096,0,0,1.82482548505148,8986.34,24.70564,1205829,89318.88,80.24771,2013-05-01,1367366400
31361,Ethiopia,705,Awi/Agew,36.59705,11.18992,2013_06,2013,6,,,,,,,0.5740291,100.1165,37.28477,-2.688123,15.34167,-0.3038199,0,0,1.83596431852898,8986.34,24.70564,1205829,89318.88,80.24771,2013-06-01,1370044800
31362,Ethiopia,705,Awi/Agew,36.59705,11.18992,2013_07,2013,7,1,0,1,0,1,0,0.6219681,97.24674,74.15171,18.0698,19.76039,-2.55779,0,0,1.89608767404053,8986.34,24.70564,1205829,89318.88,80.24771,2013-07-01,1372636800
31363,Ethiopia,705,Awi/Agew,36.59705,11.18992,2013_08,2013,8,,,,,,,0.7062551,99.23094,63.04664,4.377343,27.13731,-0.4593787,0,0,1.93060422385765,8986.34,24.70564,1205829,89318.88,80.24771,2013-08-01,1375315200
31364,Ethiopia,705,Awi/Agew,36.59705,11.18992,2013_09,2013,9,,,,,,,0.7382057,99.77046,31.95781,-8.053163,30.02367,-0.9086663,0,0,1.95692971692916,8986.34,24.70564,1205829,89318.88,80.24771,2013-09-01,1377993600
31365,Ethiopia,705,Awi/Agew,36.59705,11.18992,2013_10,2013,10,1,0,1,0,1,0,0.7106142,103.8157,21.95068,1.230345,27.61318,2.665449,0,0,1.93129976566839,8986.34,24.70564,1205829,89318.88,80.24771,2013-10-01,1380585600
31366,Ethiopia,705,Awi/Agew,36.59705,11.18992,2013_11,2013,11,,,,,,,0.616787,105.0008,6.718404,3.038346,18.70948,3.081668,0,0,1.89058555567395,8986.34,24.70564,1205829,89318.88,80.24771,2013-11-01,1383264000
31367,Ethiopia,705,Awi/Agew,36.59705,11.18992,2013_12,2013,12,,,,,,,0.4747224,104.4418,0.7929033,-0.5578911,8.357502,1.080722,0,0,1.8391303448225,8986.34,24.70564,1205829,89318.88,80.24771,2013-12-01,1385856000
31368,Ethiopia,705,Awi/Agew,36.59705,11.18992,2014_01,2014,1,1,0,1,0,1,0,0.3667415,99.9118,0.8874865,-0.2483121,5.262772,0.1486166,0,0,1.8203055108829,8986.34,24.70564,1228522,89318.88,80.24771,2014-01-01,1388534400
31369,Ethiopia,705,Awi/Agew,36.59705,11.18992,2014_02,2014,2,,,,,,,0.3141384,100.0614,1.449244,-0.3888415,4.105853,1.100693,0,0,1.78470829322022,8986.34,24.70564,1228522,89318.88,80.24771,2014-02-01,1391212800
31370,Ethiopia,705,Awi/Agew,36.59705,11.18992,2014_03,2014,3,,,,,,,0.3423958,114.3792,12.48754,8.813902,5.698452,3.004252,0,0,1.79657774873606,8986.34,24.70564,1228522,89318.88,80.24771,2014-03-01,1393632000
31371,Ethiopia,705,Awi/Agew,36.59705,11.18992,2014_04,2014,4,1,0,1,0,1,0,0.4218202,132.6388,15.44941,8.499681,7.846724,4.63649,0,0,1.83934221827115,8986.34,24.70564,1228522,89318.88,80.24771,2014-04-01,1396310400
31372,Ethiopia,705,Awi/Agew,36.59705,11.18992,2014_05,2014,5,,,,,,,0.5892817,138.0883,37.0101,14.23285,15.2492,8.108172,0,0,1.89606053629795,8986.34,24.70564,1228522,89318.88,80.24771,2014-05-01,1398902400
31373,Ethiopia,705,Awi/Agew,36.59705,11.18992,2014_06,2014,6,,,,,,,0.6234776,108.7408,35.75848,-4.214411,20.06292,4.417439,0,0,1.9267634650858,8986.34,24.70564,1228522,89318.88,80.24771,2014-06-01,1401580800
31374,Ethiopia,705,Awi/Agew,36.59705,11.18992,2014_07,2014,7,1,0,1,0,1,0,0.5602439,87.59597,48.64346,-7.438448,20.11348,-2.204696,0,0,1.95970220744146,8986.34,24.70564,1228522,89318.88,80.24771,2014-07-01,1404172800
31375,Ethiopia,705,Awi/Agew,36.59705,11.18992,2014_08,2014,8,,,,,,,0.6710189,94.28015,51.18281,-7.486496,23.555,-4.041682,0,0,1.96853837630831,8986.34,24.70564,1228522,89318.88,80.24771,2014-08-01,1406851200
31376,Ethiopia,705,Awi/Agew,36.59705,11.18992,2014_09,2014,9,,,,,,,0.7208065,97.41891,49.00297,8.991996,29.03794,-1.894404,0,0,1.94162384725722,8986.34,24.70564,1228522,89318.88,80.24771,2014-09-01,1409529600
31377,Ethiopia,705,Awi/Agew,36.59705,11.18992,2014_10,2014,10,1,0,1,0,1,0,0.670873,98.00977,25.99717,5.276839,24.96399,0.0162513,0,0,1.9019125126194,8986.34,24.70564,1228522,89318.88,80.24771,2014-10-01,1412121600
31378,Ethiopia,705,Awi/Agew,36.59705,11.18992,2014_11,2014,11,,,,,,,0.5821974,99.11237,2.393417,-1.286641,16.77639,1.148579,0,0,1.87567230041131,8986.34,24.70564,1228522,89318.88,80.24771,2014-11-01,1414800000
31379,Ethiopia,705,Awi/Agew,36.59705,11.18992,2014_12,2014,12,,,,,,,0.4454456,98.00075,1.332634,-0.01816019,8.211393,0.934613,0,0,1.80926692142503,8986.34,24.70564,1228522,89318.88,80.24771,2014-12-01,1417392000
31380,Ethiopia,705,Awi/Agew,36.59705,11.18992,2015_01,2015,1,1,0,1,0,1,0,0.3720196,101.3497,1.129417,-0.006381302,5.656751,0.5425953,0,0,1.80233318060051,8986.34,24.70564,1251215,89318.88,80.24771,2015-01-01,1420070400
31381,Ethiopia,705,Awi/Agew,36.59705,11.18992,2015_02,2015,2,,,,,,,0.3135278,99.86696,2.603661,0.7655752,2.910251,-0.09490839,0,0,1.78657505240083,8986.34,24.70564,1251215,89318.88,80.24771,2015-02-01,1422748800
31382,Ethiopia,705,Awi/Agew,36.59705,11.18992,2015_03,2015,3,,,,,,,0.3057738,102.1455,3.203204,-0.4704306,2.656831,-0.03737029,0,0,1.81632360940482,8986.34,24.70564,1251215,89318.88,80.24771,2015-03-01,1425168000
31383,Ethiopia,705,Awi/Agew,36.59705,11.18992,2015_04,2015,4,1,0,1,0,1,0,0.2970181,93.39556,4.40391,-2.545821,2.234953,-0.9752803,0,0,1.82586682110161,8986.34,24.70564,1251215,89318.88,80.24771,2015-04-01,1427846400
31384,Ethiopia,705,Awi/Agew,36.59705,11.18992,2015_05,2015,5,,,,,,,0.4687613,109.8463,27.00133,4.22408,7.992031,0.8509986,0,0,1.87988302460042,8986.34,24.70564,1251215,89318.88,80.24771,2015-05-01,1430438400
31385,Ethiopia,705,Awi/Agew,36.59705,11.18992,2015_06,2015,6,,,,,,,0.6306828,109.9974,32.02767,-7.945216,17.55951,1.91402,0,0,1.94349988114494,8986.34,24.70564,1251215,89318.88,80.24771,2015-06-01,1433116800
31386,Ethiopia,705,Awi/Agew,36.59705,11.18992,2015_07,2015,7,1,0,1,0,1,0,0.7078318,110.6718,52.28448,-3.797427,22.02983,-0.2883479,0,0,1.97547955830604,8986.34,24.70564,1251215,89318.88,80.24771,2015-07-01,1435708800
31387,Ethiopia,705,Awi/Agew,36.59705,11.18992,2015_08,2015,8,,,,,,,0.7542426,105.9733,54.42349,-4.245814,31.51264,3.915953,0,0,2.00705846641782,8986.34,24.70564,1251215,89318.88,80.24771,2015-08-01,1438387200
31388,Ethiopia,705,Awi/Agew,36.59705,11.18992,2015_09,2015,9,,,,,,,0.7432817,100.4565,54.77827,14.76729,31.37607,0.4437294,0,0,1.98416259110342,8986.34,24.70564,1251215,89318.88,80.24771,2015-09-01,1441065600
31389,Ethiopia,705,Awi/Agew,36.59705,11.18992,2015_10,2015,10,1,0,1,0,1,0,0.7177184,104.8536,19.00672,-1.713611,26.00414,1.056404,0,0,1.95653013189153,8986.34,24.70564,1251215,89318.88,80.24771,2015-10-01,1443657600
31390,Ethiopia,705,Awi/Agew,36.59705,11.18992,2015_11,2015,11,,,,,,,0.6053202,103.0488,7.793961,4.113903,16.97782,1.350004,0,0,1.86527334756288,8986.34,24.70564,1251215,89318.88,80.24771,2015-11-01,1446336000
31391,Ethiopia,705,Awi/Agew,36.59705,11.18992,2015_12,2015,12,,,,,,,0.4936975,108.6165,1.964847,0.6140527,10.74887,3.472093,0,0,1.84569543792158,8986.34,24.70564,1251215,89318.88,80.24771,2015-12-01,1448928000
31392,Ethiopia,705,Awi/Agew,36.59705,11.18992,2016_01,2016,1,,,,,,,0.3914236,106.636,1.063009,-0.07278947,6.576548,1.462393,0,0,1.83721418107933,8986.34,24.70564,1273981,89318.88,80.24771,2016-01-01,1451606400
31393,Ethiopia,705,Awi/Agew,36.59705,11.18992,2016_02,2016,2,1,0,1,0,1,0,0.3228318,102.8305,2.239714,0.4016283,3.565834,0.5606741,0,0,1.84133525672213,8986.34,24.70564,1273981,89318.88,80.24771,2016-02-01,1454284800
31394,Ethiopia,705,Awi/Agew,36.59705,11.18992,2016_03,2016,3,,,,,,,0.3089701,103.2132,3.688724,0.0150897,2.630189,-0.06401171,0,0,1.81800251656883,8986.34,24.70564,1273981,89318.88,80.24771,2016-03-01,1456790400
31395,Ethiopia,705,Awi/Agew,36.59705,11.18992,2016_04,2016,4,,,,,,,0.3079914,96.84602,4.086627,-2.863104,3.051584,-0.1586501,0,0,1.86809417694792,8986.34,24.70564,1273981,89318.88,80.24771,2016-04-01,1459468800
31396,Ethiopia,705,Awi/Agew,36.59705,11.18992,2016_05,2016,5,,,,,,,0.5042241,118.1565,37.472,14.69475,12.7844,5.643368,0,0,1.9174002908141,8986.34,24.70564,1273981,89318.88,80.24771,2016-05-01,1462060800
31397,Ethiopia,705,Awi/Agew,36.59705,11.18992,2016_06,2016,6,1,0,1,0,1,0,0.5791245,101.0051,34.06852,-5.904367,17.43881,1.793326,0,0,1.97314097388451,8986.34,24.70564,1273981,89318.88,80.24771,2016-06-01,1464739200
31398,Ethiopia,705,Awi/Agew,36.59705,11.18992,2016_07,2016,7,,,,,,,0.6451239,100.8672,57.18734,1.105429,22.72714,0.4089631,0,0,1.96090756400154,8986.34,24.70564,1273981,89318.88,80.24771,2016-07-01,1467331200
31399,Ethiopia,705,Awi/Agew,36.59705,11.18992,2016_08,2016,8,,,,,,,0.7338482,103.1078,53.99559,-4.673708,28.01625,0.4195643,0,0,1.97982451944959,8986.34,24.70564,1273981,89318.88,80.24771,2016-08-01,1470009600
31400,Ethiopia,705,Awi/Agew,36.59705,11.18992,2016_09,2016,9,,,,,,,0.7518476,101.6142,34.26226,-5.748715,30.77847,-0.1538692,0,0,1.96771263006028,8986.34,24.70564,1273981,89318.88,80.24771,2016-09-01,1472688000
31401,Ethiopia,705,Awi/Agew,36.59705,11.18992,2016_10,2016,10,1,0,1,0,1,0,0.6574892,96.0545,21.55709,0.8367632,24.10894,-0.8387904,0,0,1.89959661874375,8986.34,24.70564,1273981,89318.88,80.24771,2016-10-01,1475280000
31402,Ethiopia,705,Awi/Agew,36.59705,11.18992,2016_11,2016,11,,,,,,,0.5180749,88.19627,1.212149,-2.467909,12.88618,-2.741636,0,0,1.87633131597271,8986.34,24.70564,1273981,89318.88,80.24771,2016-11-01,1477958400
31403,Ethiopia,705,Awi/Agew,36.59705,11.18992,2016_12,2016,12,,,,,,,0.4141518,91.11591,0.7765651,-0.5742293,6.280378,-0.9964021,1,0,1.84569586443427,8986.34,24.70564,1273981,89318.88,80.24771,2016-12-01,1480550400
31404,Ethiopia,705,Awi/Agew,36.59705,11.18992,2017_01,2017,1,,,,,,,0.3402627,92.69815,0.9654444,-0.1703541,3.562939,-1.551216,0,0,1.80170428087316,8986.34,24.70564,1296747,89318.88,80.24771,2017-01-01,1483228800
31405,Ethiopia,705,Awi/Agew,36.59705,11.18992,2017_02,2017,2,1,0,1,0,1,0,0.3339238,106.3636,4.752351,2.914266,4.888602,1.883442,0,0,1.81954380123962,8986.34,24.70564,1296747,89318.88,80.24771,2017-02-01,1485907200
31406,Ethiopia,705,Awi/Agew,36.59705,11.18992,2017_03,2017,3,,,,,,,0.3201628,106.9522,2.454844,-1.218791,3.294034,0.5998327,0,0,1.84105240801769,8986.34,24.70564,1296747,89318.88,80.24771,2017-03-01,1488326400
31407,Ethiopia,705,Awi/Agew,36.59705,11.18992,2017_04,2017,4,,,,,,,0.3591143,112.9213,16.27802,9.328289,3.837043,0.6268088,0,0,1.88902266411275,8986.34,24.70564,1296747,89318.88,80.24771,2017-04-01,1491004800
31408,Ethiopia,705,Awi/Agew,36.59705,11.18992,2017_05,2017,5,,,,,,,0.5493614,128.7336,28.29539,5.518139,12.24891,5.107875,0,0,1.93868056417601,8986.34,24.70564,1296747,89318.88,80.24771,2017-05-01,1493596800
31409,Ethiopia,705,Awi/Agew,36.59705,11.18992,2017_06,2017,6,1,0,1,0,1,0,0.637972,111.2687,50.83129,10.8584,20.57448,4.928992,0,0,2.0014201543063,8986.34,24.70564,1296747,89318.88,80.24771,2017-06-01,1496275200
31410,Ethiopia,705,Awi/Agew,36.59705,11.18992,2017_07,2017,7,,,,,,,0.6860214,107.2617,69.27718,13.19527,21.1299,-1.188278,0,0,2.04555378891501,8986.34,24.70564,1296747,89318.88,80.24771,2017-07-01,1498867200
31411,Ethiopia,705,Awi/Agew,36.59705,11.18992,2017_08,2017,8,,,,,,,0.6820653,95.83219,65.79254,7.123238,23.44718,-4.149502,0,0,2.07231574754621,8986.34,24.70564,1296747,89318.88,80.24771,2017-08-01,1501545600
31412,Ethiopia,705,Awi/Agew,36.59705,11.18992,2017_09,2017,9,,,,,,,0.7619296,102.9768,46.71051,6.699538,29.77138,-1.160961,0,0,2.08692340284155,8986.34,24.70564,1296747,89318.88,80.24771,2017-09-01,1504224000
31413,Ethiopia,705,Awi/Agew,36.59705,11.18992,2017_10,2017,10,1,0,1,0,1,0,0.7077488,103.3971,23.10406,2.38373,27.47531,2.527577,0,0,2.05768387099093,8986.34,24.70564,1296747,89318.88,80.24771,2017-10-01,1506816000
31414,Ethiopia,705,Awi/Agew,36.59705,11.18992,2017_11,2017,11,,,,,,,0.6117044,104.1356,3.938114,0.2580562,17.17935,1.551538,0,0,2.05400087253601,8986.34,24.70564,1296747,89318.88,80.24771,2017-11-01,1509494400
31415,Ethiopia,705,Awi/Agew,36.59705,11.18992,2017_12,2017,12,,,,,,,0.4732447,104.1167,0.8515393,-0.4992551,7.483448,0.2066682,0,0,2.03979773840817,8986.34,24.70564,1296747,89318.88,80.24771,2017-12-01,1512086400
31416,Ethiopia,705,Awi/Agew,36.59705,11.18992,2018_01,2018,1,,,,,,,0.3853329,104.9767,0.9323433,-0.2034553,5.673227,0.5590712,0,0,2.0268860807302,8986.34,24.70564,1319514,89318.88,80.24771,2018-01-01,1514764800
31417,Ethiopia,705,Awi/Agew,36.59705,11.18992,2018_02,2018,2,1,0,1,0,1,0,0.3457422,110.1281,2.558587,0.7205012,3.462986,0.4578258,0,0,2.04461961300457,8986.34,24.70564,1319514,89318.88,80.24771,2018-02-01,1517443200
31418,Ethiopia,705,Awi/Agew,36.59705,11.18992,2018_03,2018,3,,,,,,,0.3118079,104.1612,4.706152,1.032517,2.928322,0.2341212,0,0,2.06632764930358,8986.34,24.70564,1319514,89318.88,80.24771,2018-03-01,1519862400
31419,Ethiopia,705,Awi/Agew,36.59705,11.18992,2018_04,2018,4,,,,,,,0.3281901,103.1974,3.80581,-3.143921,2.626912,-0.5833214,0,0,2.12680771758479,8986.34,24.70564,1319514,89318.88,80.24771,2018-04-01,1522540800
31420,Ethiopia,705,Awi/Agew,36.59705,11.18992,2018_05,2018,5,,,,,,,0.4290798,100.5477,22.90897,0.1317204,6.364874,-0.7761584,0,0,2.17980166959096,8986.34,24.70564,1319514,89318.88,80.24771,2018-05-01,1525132800
31421,Ethiopia,705,Awi/Agew,36.59705,11.18992,2018_06,2018,6,1,0,1,0,1,0,0.5843355,101.914,39.70744,-0.2654529,14.82957,-0.815916,0,0,2.21872868110593,8986.34,24.70564,1319514,89318.88,80.24771,2018-06-01,1527811200
31422,Ethiopia,705,Awi/Agew,36.59705,11.18992,2018_07,2018,7,,,,,,,0.6643094,103.8669,52.01912,-4.062789,22.66977,0.3515935,2,0,2.23322724774387,8986.34,24.70564,1319514,89318.88,80.24771,2018-07-01,1530403200
31423,Ethiopia,705,Awi/Agew,36.59705,11.18992,2018_08,2018,8,,,,,,,0.7520878,105.6706,55.12357,-3.545731,26.51637,-1.080319,0,0,2.27489618699643,8986.34,24.70564,1319514,89318.88,80.24771,2018-08-01,1533081600
31424,Ethiopia,705,Awi/Agew,36.59705,11.18992,2018_09,2018,9,,,,,,,0.7571856,102.3356,41.32519,1.31422,31.31547,0.3831269,0,0,2.22386465821363,8986.34,24.70564,1319514,89318.88,80.24771,2018-09-01,1535760000
31425,Ethiopia,705,Awi/Agew,36.59705,11.18992,2018_10,2018,10,1,0,1,0,1,0,0.7109708,103.8678,18.74373,-1.976606,26.06348,1.11575,0,0,2.15641448515896,8986.34,24.70564,1319514,89318.88,80.24771,2018-10-01,1538352000
31426,Ethiopia,705,Awi/Agew,36.59705,11.18992,2018_11,2018,11,,,,,,,0.6445073,109.7199,7.246967,3.566908,18.17511,2.547299,0,0,2.11979093121026,8986.34,24.70564,1319514,89318.88,80.24771,2018-11-01,1541030400
31427,Ethiopia,705,Awi/Agew,36.59705,11.18992,2018_12,2018,12,,,,,,,0.5135955,112.9941,1.625782,0.2749875,8.446316,1.169536,0,0,2.08294696730502,8986.34,24.70564,1319514,89318.88,80.24771,2018-12-01,1543622400
31428,Ethiopia,705,Awi/Agew,36.59705,11.18992,2019_01,2019,1,,,,,,,0.4042312,110.1252,1.028899,-0.1068998,5.063581,-0.05057486,0,0,2.05973120389196,8986.34,24.70564,1342280,89318.88,80.24771,2019-01-01,1546300800
31429,Ethiopia,705,Awi/Agew,36.59705,11.18992,2019_02,2019,2,1,0,1,0,1,0,0.343753,109.4945,1.916526,0.07844023,4.009986,1.004826,0,0,2.02108679212022,8986.34,24.70564,1342280,89318.88,80.24771,2019-02-01,1548979200
31430,Ethiopia,705,Awi/Agew,36.59705,11.18992,2019_03,2019,3,,,,,,,0.3345413,111.7554,3.634603,-0.03803075,3.324756,0.6267745,0,0,2.02449654263263,8986.34,24.70564,1342280,89318.88,80.24771,2019-03-01,1551398400
31431,Ethiopia,705,Awi/Agew,36.59705,11.18992,2019_04,2019,4,,,,,,,0.34665228682046,108.884797958276,5.91561987826505,-1.03411088000569,4.1912009339607,0.954387381186756,0,0,2.05051540686829,8986.34,24.70564,1342280,89318.88,80.24771,2019-04-01,1554076800
31432,Ethiopia,705,Awi/Agew,36.59705,11.18992,2019_05,2019,5,,,,,,,0.393318718829841,92.1676419523114,16.6207206737362,-6.15652623166702,5.13628892087054,-2.00474359677341,2,72,2.1025349139786,8986.34,24.70564,1342280,89318.88,80.24771,2019-05-01,1556668800
31433,Ethiopia,705,Awi/Agew,36.59705,11.18992,2019_06,2019,6,1,0,1,0,1,0,0.590897616734688,103.058499122434,46.3696806298655,6.3967910410151,17.5414420118589,1.89595633029059,0,0,2.11596518574329,8986.34,24.70564,1342280,89318.88,80.24771,2019-06-01,1559347200
31434,Ethiopia,705,Awi/Agew,36.59705,11.18992,2019_07,2019,7,,,,,,,0.589064515146486,92.1021643843291,48.6222253969935,-7.45968439193991,20.3980518247947,-1.92012790395736,0,0,2.15036834492612,8986.34,24.70564,1342280,89318.88,80.24771,2019-07-01,1561939200
31435,Ethiopia,705,Awi/Agew,36.59705,11.18992,2019_08,2019,8,,,,,,,0.715281738896885,100.499204884975,52.6370743544935,-6.03222664792442,30.3530608581984,2.75637651850979,0,0,2.16879127237288,8986.34,24.70564,1342280,89318.88,80.24771,2019-08-01,1564617600
31436,Ethiopia,705,Awi/Agew,36.59705,11.18992,2019_09,2019,9,,,,,,,0.741162801104334,100.170120556077,42.8450569975922,2.83408445737156,31.1994928786878,0.267153463966984,0,0,2.13357033811719,8986.34,24.70564,1342280,89318.88,80.24771,2019-09-01,1567296000
31437,Ethiopia,705,Awi/Agew,36.59705,11.18992,2019_10,2019,10,1,0,1,0,1,0,0.702077437232394,102.56852355101,28.4868249482575,7.76649328576028,30.0872909931361,5.13955656323234,0,0,2.07920531440978,8986.34,24.70564,1342280,89318.88,80.24771,2019-10-01,1569888000
31438,Ethiopia,705,Awi/Agew,36.59705,11.18992,2019_11,2019,11,,,,,,,0.632648662951831,107.701118726932,6.72719541283705,3.04713712659711,20.851709380894,5.2238966627639,0,0,2.03524655888927,8986.34,24.70564,1342280,89318.88,80.24771,2019-11-01,1572566400
31439,Ethiopia,705,Awi/Agew,36.59705,11.18992,2019_12,2019,12,,,,,,,0.544528799972225,119.799649201228,3.75528976935506,2.40449534274214,12.7480427891769,5.47126254631659,0,0,2.0093746130358,8986.34,24.70564,1342280,89318.88,80.24771,2019-12-01,1575158400
31440,Ethiopia,705,Awi/Agew,36.59705,11.18992,2020_01,2020,1,,,,,,,0.459188383407143,125.097212176715,1.08764287978483,-0.045414680952111,9.42106216234788,4.30690652843421,0,0,1.95013752657839,8986.34,24.70564,1370659.85321,89318.88,80.24771,2020-01-01,1577836800
31441,Ethiopia,705,Awi/Agew,36.59705,11.18992,2020_02,2020,2,1,0,1,0,1,0,0.375041733696066,119.460779978256,1.51705129797238,-0.323045378238564,5.83114970132264,2.82598996609373,0,0,1.95203025166387,8986.34,24.70564,1370659.85321,89318.88,80.24771,2020-02-01,1580515200
